Country,1960,1961,1962,1963,1964,1965,1966,1967,1968,1969,1970,1971,1972,1973,1974,1975,1976,1977,1978,1979,1980,1981,1982,1983,1984,1985,1986,1987,1988,1989,1990,1991,1992,1993,1994,1995,1996,1997,1998,1999,2000,2001,2002,2003,2004,2005,2006,2007,2008,2009,2010,2011,2012,2013,2014,2015,2016,2017,2018,2019
Aruba,,,,,,,,,,,,,,,,,,,,,,,,,,,,,,,,,,,,,,,,,,,,,,,,,,,,,,,,,,,,
Afghanistan,,,,,,,,,,,,,,,,,,,,,,,,,,47000,,,,55000,58000,45000,45000,45000,45000,383000,429000,429000,400000,400000,400000,,120000,130000,27000,27000,51000,51000,94000,255745,306800,340350,338150,330650,308800,319400,323000,323000,,
Angola,,,,,,,,,,,,,,,,,,,,,,,,,,49500,,,,107000,115000,150000,128000,128000,120000,122000,106400,125500,129000,127500,117500,145500,110000,130000,118000,118000,110000,117000,117000,117000,117000,117000,117000,117000,117000,117000,117000,117000,,
Albania,,,,,,,,,,,,,,,,,,,,,,,,,,40400,,,,,,,65000,65000,65000,86500,67500,67500,67500,67500,67500,40500,27000,22000,21500,22500,11500,14500,14500,14745,14745,14750,14750,8500,8500,8500,8500,9000,,
Andorra,,,,,,,,,,,,,,,,,,,,,,,,,,,,,,,,,,,,,,,,,,,,,,,,,,,,,,,,,,,,
Arab World,,,,,,,,,,,,,,,,,,,,,,,,,,2712700,,,,2885000,3340000,2422000,2276000,2276000,2223000,3089500,3173100,3223150,3256750,3125800,3200800,3200400,3166200,3164800,2929000,3051000,3260000,3264000,3480000,3578675,3598680,3513260,3542060,2866760,2881760,2881560,2781410,2737000,,
United Arab Emirates,,,,,,,,,,,,,,,,,,,,,,,,,,43000,,,,43000,66000,66000,55000,55000,60000,71000,65500,65500,65500,65500,66000,66000,41500,50500,50000,51000,51000,51000,51000,51000,51000,51000,51000,63000,63000,63000,63000,63000,,
Argentina,,,,,,,,,,,,,,,,,,,,,,,,,,108000,,,,95000,85000,70000,65000,65000,69000,98500,103700,104240,104240,101740,102300,101300,101100,102600,102000,102000,107000,107000,107000,104340,104340,104350,104350,105650,105650,105450,105450,105000,,
Armenia,,,,,,,,,,,,,,,,,,,,,,,,,,,,,,,,,20000,21000,45000,61000,58400,61000,54400,54400,42300,43000,45600,45600,49000,49000,47000,42000,42000,55570,55528,55544,49100,49100,49100,49100,49100,49000,,
American Samoa,,,,,,,,,,,,,,,,,,,,,,,,,,,,,,,,,,,,,,,,,,,,,,,,,,,,,,,,,,,,
Antigua and Barbuda,,,,,,,,,,,,,,,,,,,,,,,,,,100,,,,,,,,,,200,200,150,150,200,200,200,200,200,170,170,170,170,,170,170,180,180,180,180,180,180,0,,
Australia,,,,,,,,,,,,,,,,,,,,,,,,,,70400,,,,70000,68000,68000,68000,68000,65000,57100,58800,58400,58400,56200,51600,51700,50900,53600,52000,53000,51000,55000,55000,56552,56552,57050,56200,56750,56750,57800,57800,58000,,
Austria,,,,,,,,,,,,,,,,,,,,,,,,,,54700,,,,48000,43000,44000,44000,45000,45000,55800,55800,45500,45500,40500,40500,34600,34600,34600,39000,40000,40000,35000,35000,25900,25758,23250,22800,22500,22500,21350,22400,21000,,
Azerbaijan,,,,,,,,,,,,,,,,,,,,,,,,,,,,,,,,,43000,45000,50000,126700,110700,106700,87150,84900,87100,87100,87100,81500,81000,82000,82000,82000,82000,81940,81940,81950,81950,81950,81950,81950,81950,82000,,
Burundi,,,,,,,,,,,,,,,,,,,,,,,,,,5200,,,,11000,12000,12000,13000,13000,17000,14600,22000,22000,43500,45500,45500,51000,51000,56000,81000,82000,,51000,51000,51050,51050,51050,51000,51050,51050,41000,51050,31000,,
Belgium,,,,,,,,,,,,,,,,,,,,,,,,,,91600,,,,110000,106000,101000,79000,70000,53000,47200,46300,44450,43700,41750,39300,39400,39200,40800,36000,37000,40000,39000,39000,39482,35736,34050,30700,37500,37600,36350,33800,32000,,
Benin,,,,,,,,,,,,,,,,,,,,,,,,,,4500,,,,5000,6000,7000,7000,8000,8000,7300,7300,7300,7300,7300,7300,7300,7100,7100,6000,8000,,8000,8000,7250,7250,9450,9450,9450,9450,9750,9750,12000,,
Burkina Faso,,,,,,,,,,,,,,,,,,,,,,,,,,4000,,,,8000,10000,10000,9000,9000,9000,10300,10300,10000,10250,10300,11300,14200,14400,15000,10250,11250,,11250,11250,11450,11450,11450,11450,11450,11450,11450,11450,11000,,
Bangladesh,,,,,,,,,,,,,,,,,,,,,,,,,,91300,,,,103000,103000,107000,107000,107000,113000,170500,167200,170700,170700,192200,137000,200200,200200,188700,251000,252000,214000,221000,221000,220953,220953,220950,220950,220950,220950,220950,220950,221000,,
Bulgaria,,,,,,,,,,,,,,,,,,,,,,,,,,148500,,,,150000,129000,107000,99000,52000,80000,135900,137500,135500,135500,114760,113800,111300,102400,85000,85000,85000,75000,75000,75000,65315,65315,47300,47300,47300,47300,47300,31300,31000,,
Bahrain,,,,,,,,,,,,,,,,,,,,,,,,,,2800,,,,5000,8000,8000,7000,7000,8000,20000,20300,20850,20850,21150,21200,21200,20900,21400,21000,21000,19000,19000,19000,19460,19460,19460,19460,19460,19460,19460,19460,19000,,
"Bahamas, The",,,,,,,,,,,,,,,,,,,,,,,,,,500,,,,,,,,,,2100,3200,3160,3160,3200,3200,3200,900,900,860,860,860,860,1000,860,860,850,850,1300,1300,1300,1300,1000,,
Bosnia and Herzegovina,,,,,,,,,,,,,,,,,,,,,,,,,,,,,,,,,60000,,70000,92000,227000,86000,86000,86000,76000,24000,19800,18800,24000,12000,9000,9000,9000,10577,10577,10550,10500,10500,10500,10500,10500,11000,,
Belarus,,,,,,,,,,,,,,,,,,,,,,,,,,,,,,,,,102000,115000,65000,106400,93500,89800,91000,103900,91100,192900,189800,182900,182000,183000,183000,183000,183000,182940,182940,158000,158000,158000,158000,158000,155350,155000,,
Belize,,,,,,,,,,,,,,,,,,,,,,,,,,600,,,,1000,1000,1000,1000,1000,1000,1100,1100,1050,1050,1050,1100,1100,1100,1100,1000,1000,1000,1000,1000,1050,1050,1050,1050,1050,1050,1500,1500,2000,,
Bermuda,,,,,,,,,,,,,,,,,,,,,,,,,,,,,,,,,,,,,,,,,,,,,,,,,,,,,,,,,,,,
Bolivia,,,,,,,,,,,,,,,,,,,,,,,,,,27600,,,,30000,30000,33000,32000,32000,28000,64100,64100,70600,70600,69600,69600,68600,68600,68600,68000,70000,83000,83000,83000,83200,83200,83200,83200,83200,71200,71200,71200,71000,,
Brazil,,,,,,,,,,,,,,,,,,,,,,,,,,276000,,,,319000,295000,295000,296000,296000,296000,680600,680600,700300,698850,676600,673200,673200,673200,673200,687000,673000,754000,721000,721000,713480,713480,713480,713480,713480,729500,729500,729500,730000,,
Barbados,,,,,,,,,,,,,,,,,,,,,,,,,,1000,,,,,,,,,,600,600,600,610,610,600,600,600,600,610,610,610,610,1000,610,610,610,610,610,610,610,610,1000,,
Brunei Darussalam,,,,,,,,,,,,,,,,,,,,,,,,,,4100,,,,4000,4000,4000,4000,4000,5000,9000,9100,9050,9050,8750,8800,9700,10700,10700,10000,11000,9000,9000,9000,9250,9250,9250,9250,9250,9250,9250,12100,8000,,
Bhutan,,,,,,,,,,,,,,,,,,,,,,,,,,3000,,,,,,,5000,5000,5000,4000,5000,6000,7000,7000,6000,,,,,,,,,,,,,,,,,,,
Botswana,,,,,,,,,,,,,,,,,,,,,,,,,,4000,,,,6000,6000,7000,7000,7000,7000,8500,8500,8500,9500,10000,10000,10000,10500,10500,10000,11000,11000,11000,11000,10500,10500,10500,10500,10500,10500,9000,9000,9000,,
Central African Republic,,,,,,,,,,,,,,,,,,,,,,,,,,2300,,,,5000,4000,4000,4000,4000,4000,5000,5000,5000,4950,5000,5400,4200,3550,3600,2000,3000,,3000,3000,3150,3150,3150,8150,8150,8150,8150,8150,8000,,
Canada,,,,,,,,,,,,,,,,,,,,,,,,,,83000,,,,88000,87000,86000,82000,76000,75000,75700,79800,72700,69950,69950,68500,66100,61600,61600,71000,71000,64000,64000,64000,65722,65700,65700,66000,65700,70200,67500,67500,72000,,
Central Europe and the Baltics,,,,,,,,,,,,,,,,,,,,,,,,,,763000,,,,816000,662000,700000,755000,829000,839000,1139000,1064650,1029750,1019730,981920,945000,777800,717800,663800,595000,601000,544000,532000,522000,493193,488712,465900,519910,515860,522010,521590,510860,498000,,
Switzerland,,,,,,,,,,,,,,,,,,,,,,,,,,20000,,,,17000,22000,22000,31000,35000,39000,31400,27300,26260,26300,27700,27700,26800,27600,27500,4000,109000,23000,23000,23000,25620,25287,23100,22650,21250,20800,20950,20950,21000,,
Channel Islands,,,,,,,,,,,,,,,,,,,,,,,,,,,,,,,,,,,,,,,,,,,,,,,,,,,,,,,,,,,,
Chile,,,,,,,,,,,,,,,,,,,,,,,,,,101000,,,,95000,95000,90000,92000,92000,102000,130000,120900,125500,124000,122500,116500,122200,117300,114100,116000,116000,103000,103000,103000,103771,103771,103750,106100,106100,109450,109450,121900,122000,,
China,,,,,,,,,,,,,,,,,,,,,,,,,,3900000,,,,3900000,3500000,3200000,3160000,3030000,2930000,4130000,4135000,3640000,3820000,3820000,3910000,3810000,3770000,3750000,3755000,3755000,3605000,2885000,2885000,2945000,2945000,2945000,2993000,2993000,2993000,2843000,2695000,2695000,,
Cote d'Ivoire,,,,,,,,,,,,,,,,,,,,,,,,,,,,,,15000,15000,15000,15000,15000,15000,15000,15000,15000,15000,15000,,,,,18000,19000,,19000,19000,18550,,,,,25000,25000,25000,27000,,
Cameroon,,,,,,,,,,,,,,,,,,,,,,,,,,7300,,,,21000,23000,24000,12000,12000,12000,23600,22100,22100,22100,22100,22100,31100,32100,32100,23000,23000,,23000,23000,23100,23200,23100,23200,23200,23200,23400,23400,24000,,
"Congo, Dem. Rep.",,,,,,,,,,,,,,,,,,,,,,,,,,48000,,,,51000,55000,60000,45000,40000,40000,65100,65100,77000,87000,92900,92900,81400,81400,97800,64000,65000,,143000,151000,159000,159000,134250,134250,134250,134250,134250,134250,134000,,
"Congo, Rep.",,,,,,,,,,,,,,,,,,,,,,,,,,8700,,,,15000,9000,9000,10000,10000,10000,16700,15000,15000,15000,15000,15000,12000,12000,12000,12000,12000,,12000,12000,12000,12000,12000,12000,12000,12000,12000,12000,12000,,
Colombia,,,,,,,,,,,,,,,,,,,,,,,,,,66200,,,,91000,110000,110000,139000,139000,146000,233400,233300,233300,233300,231000,247000,262600,262600,304600,336000,336000,398000,411000,411000,441828,441828,440224,440224,455750,455750,481100,481100,481000,,
Comoros,,,,,,,,,,,,,,,,,,,,,,,,,,,,,,,,,,,,,,,,,,,,,,,,,,,,,,,,,,,,
Cabo Verde,,,,,,,,,,,,,,,,,,,,,,,,,,7700,,,,3000,1000,1000,1000,1000,1000,1150,1150,1150,1150,1200,1200,1300,1300,1300,1000,1000,,1000,1000,1200,1200,1200,1200,1200,1200,1200,1200,1000,,
Costa Rica,,,,,,,,,,,,,,,,,,,,,,,,,,13200,,,,8000,8000,8000,8000,8000,8000,16200,16200,15400,15400,15400,15400,21900,25900,17000,,,10000,10000,10000,9800,9800,9800,9800,9800,9800,9800,9800,10000,,
Caribbean small states,,,,,,,,,,,,,,,,,,,,,,,,,,15000,,,,14000,14000,14000,10000,10000,10000,19300,20400,20230,20740,20480,20700,15900,13600,13400,9640,13640,13640,14640,15000,14023,14023,12510,12510,13060,15980,16430,16930,17000,,
Cuba,,,,,,,,,,,,,,,,,,,,,,,,,,161500,,,,297000,297000,297000,175000,175000,140000,124000,119000,79000,79000,91500,84500,72500,72500,72500,75000,76000,76000,76000,76000,75500,75500,75500,75500,75500,75500,75500,75500,76000,,
Curacao,,,,,,,,,,,,,,,,,,,,,,,,,,,,,,,,,,,,,,,,,,,,,,,,,,,,,,,,,,,,
Cayman Islands,,,,,,,,,,,,,,,,,,,,,,,,,,,,,,,,,,,,,,,,,,,,,,,,,,,,,,,,,,,,
Cyprus,,,,,,,,,,,,,,,,,,,,,,,,,,10000,,,,14000,10000,10000,10000,,,14000,14000,10500,10620,10750,10800,10800,10100,10100,11000,10750,10750,10750,10750,10750,12750,12750,12750,12750,12750,12750,15750,16000,,
Czech Republic,,,,,,,,,,,,,,,,,,,,,,,,,,,,,,,,,,107000,90000,92000,75600,67300,64700,59600,63300,59200,55000,62600,27000,28000,26000,27000,27000,26541,28521,26750,26750,24100,24800,25050,23200,23000,,
Germany,,,,,,,,,,,,,,,,,,,,,,,,,,478000,,,,503000,545000,457000,442000,398000,362000,365000,383500,347100,333500,331000,221100,308400,296000,284500,284000,285000,246000,244000,244000,251465,251465,196000,186450,181550,178600,177300,179100,180000,,
Djibouti,,,,,,,,,,,,,,,,,,,,,,,,,,3000,,,,4000,4000,3000,8000,8000,8000,12600,12600,12600,12600,12600,12600,12600,12300,12300,11000,13000,,12000,13000,12950,12950,12950,12950,12950,12950,12950,13100,13000,,
Dominica,,,,,,,,,,,,,,,,,,,,,,,,,,,,,,,,,,,,,,,,,,,,,,,,,,,,,,,,,,,,
Denmark,,,,,,,,,,,,,,,,,,,,,,,,,,29600,,,,31000,31000,30000,28000,27000,28000,33100,32900,32900,32100,27000,21800,21400,22700,22800,21000,21000,30000,30000,30000,18707,18628,16450,17200,17200,17200,16600,16100,15000,,
Dominican Republic,,,,,,,,,,,,,,,,,,,,,,,,,,22200,,,,21000,21000,21000,22000,22000,22000,39500,39500,39500,39500,39500,39500,39500,39500,39500,39000,40000,65000,65000,40000,39500,39500,39500,61000,61000,71050,71050,71050,71000,,
Algeria,,,,,,,,,,,,,,,,,,,,,,,,,,170000,,,,126000,126000,126000,126000,126000,126000,162900,164900,270200,268200,303200,305200,305200,317900,308700,318000,319000,334000,334000,334000,334200,317200,317200,317200,317200,317200,317200,317200,317000,,
East Asia & Pacific (excluding high income),,,,,,,,,,,,,,,,,,,,,,,,,,6816800,,,,7380000,6993000,6727000,6506000,6259000,5982000,8020900,7986800,7487950,7702150,7682850,7793600,7583200,7634400,7681800,7152250,7656000,7535000,6815000,6817000,6978442,7005442,7154930,7180730,7181030,7181030,7031030,6974730,6967000,,
Early-demographic dividend,,,,,,,,,,,,,,,,,,,,,,,,,,6304100,,,,6848000,6743000,6803000,6736000,6706000,6660000,9601650,9985150,10238850,10229710,10306430,10471200,9947600,10097700,10090000,10119520,10785270,10286800,10542400,10535400,10675580,10577580,10456015,10555650,10535853,10626120,10589970,10821100,10835000,,
East Asia & Pacific,,,,,,,,,,,,,,,,,,,,,,,,,,8243700,,,,8822000,8402000,8236000,7997000,7832000,7526000,9457800,9448270,9069700,9293400,9272080,9364600,9144600,9200800,9182800,8650250,9178000,9022000,8296000,8298000,8428299,8455299,8603966,8628630,8629430,8527430,8380930,8322570,8192000,,
Europe & Central Asia (excluding high income),,,,,,,,,,,,,,,,,,,,,,,,,,,,,,,,,3834000,3311000,3363000,4277400,4172200,4376880,4256050,3998410,3854700,3622600,3518900,3443900,3344500,3363500,3162500,3189500,3189500,3201997,3138967,2996674,2990180,2786580,2910580,3064850,3053700,3038000,,
Europe & Central Asia,,,,,,,,,,,,,,,,,,,,,,,,,,,,,,,,,6967000,6408000,6422000,7695500,7475750,7516170,7323890,6962430,6585200,6287200,6147500,5983200,5707612,5885362,5446492,5419492,5416592,5282679,5242719,5014014,5032780,4797650,4906450,5042650,5034020,4990000,,
Ecuador,,,,,,,,,,,,,,,,,,,,,,,,,,42500,,,,46000,53000,53000,57000,57000,57000,57400,57400,57370,57370,57370,57800,59800,59800,59800,46270,47270,57400,58400,58400,58983,58983,58983,58500,58983,40750,40750,40750,41000,,
"Egypt, Arab Rep.",,,,,,,,,,,,,,,,,,,,,,,,,,445000,,,,450000,434000,434000,424000,424000,430000,610000,672000,680000,680000,680000,678500,768000,773000,780000,798000,799000,866000,866000,866000,865500,835500,835500,835500,835500,835500,835500,835500,836000,,
Euro area,,,,,,,,,,,,,,,,,,,,,,,,,,2235400,,,,2478000,2449000,2316000,2226000,2152000,2159000,2375100,2364050,2236160,2179920,2083770,1894300,1907500,1926000,1863400,1817512,1836262,1772262,1755262,1750362,1600389,1636093,1563430,1536150,1518650,1493200,1479480,1480450,1445000,,
Eritrea,,,,,,,,,,,,,,,,,,,,,,,,,,,,,,,,,,55000,55000,55000,55000,46000,47100,200000,200000,171900,172200,202000,201000,202000,,202000,202000,201750,201750,201750,201750,201750,201750,201750,201750,202000,,
Spain,,,,,,,,,,,,,,,,,,,,,,,,,,320000,,,,277000,263000,246000,198000,204000,213000,281600,282300,273250,269710,262260,241800,214700,251200,224000,220000,220000,222000,222000,223000,222422,223216,215700,215600,213950,200000,199950,197950,196000,,
Estonia,,,,,,,,,,,,,,,,,,,,,,,,,,,,,,,,,3000,5000,4000,5500,5500,6300,7140,7600,7600,7300,8100,8100,6000,8000,7000,7000,7000,5450,5750,5750,5750,5750,5750,6400,6400,6000,,
Ethiopia,,,,,,,,,,,,,,,,,,,,,,,,,,217000,,,,250000,250000,120000,120000,120000,120000,120000,120000,120000,120000,325500,352500,252500,252500,162400,182000,183000,,138000,138000,138000,138000,138000,138000,138000,138000,138000,138000,138000,,
European Union,,,,,,,,,,,,,,,,,,,,,,,,,,3427700,,,,3705000,3515000,3410000,3339000,3284000,3269000,3790200,3692450,3522110,3445500,3304780,3074500,2903300,2857900,2749300,2597112,2629862,2475862,2417862,2414962,2247563,2275127,2170330,2194700,2164550,2149800,2131480,2117800,2067000,,
Fragile and conflict affected situations,,,,,,,,,,,,,,,,,,,,,,,,,,2079930,,,,2228000,2761000,1843000,1691000,1763000,1668000,2627350,2736850,2693150,2729900,2710150,2723500,2254700,2442250,2534200,2038800,2173550,,2376750,2640750,2899850,3139180,3132630,3153630,2435450,2460600,2460950,2368530,2298000,,
Finland,,,,,,,,,,,,,,,,,,,,,,,,,,36500,,,,39000,31000,32000,33000,31000,35000,34500,36000,34400,35100,35100,35100,35400,34900,30100,31000,31000,32000,32000,32000,25050,24975,25000,25000,25000,25000,24900,24200,25000,,
Fiji,,,,,,,,,,,,,,,,,,,,,,,,,,2700,,,,4000,5000,5000,5000,5000,4000,3900,3600,3600,3500,3500,3500,3500,3500,3500,3000,4000,4000,4000,4000,3500,3500,3500,3500,3500,3500,3500,3500,4000,,
France,,,,,,,,,,,,,,,,,,,,,,,,,,464300,,,,554000,550000,542000,522000,506000,506000,502400,491300,473100,452200,411600,389400,374400,361800,360400,358000,359000,354000,353000,353000,341967,341967,332250,325600,318400,312350,306350,306100,307000,,
Faroe Islands,,,,,,,,,,,,,,,,,,,,,,,,,,,,,,,,,,,,,,,,,,,,,,,,,,,,,,,,,,,,
"Micronesia, Fed. Sts.",,,,,,,,,,,,,,,,,,,,,,,,,,,,,,,,,,,,,,,,,,,,,,,,,,,,,,,,,,,,
Gabon,,,,,,,,,,,,,,,,,,,,,,,,,,2400,,,,10000,9000,10000,7000,7000,6000,9500,9500,9500,9500,9500,6700,6700,6700,6700,6000,7000,,7000,7000,6700,6700,6700,6700,6700,6700,6700,6700,7000,,
United Kingdom,,,,,,,,,,,,,,,,,,,,,,,,,,334000,,,,318000,308000,301000,293000,271000,257000,233000,221000,218000,218000,218000,212500,211400,210400,212600,205000,217000,181000,160000,160000,178470,174020,165650,169150,159150,154700,152350,150250,148000,,
Georgia,,,,,,,,,,,,,,,,,,,,,,,,,,,,,,,,,,25000,7000,14000,15000,39200,39200,32800,33400,28500,29200,29200,22000,23000,33000,33000,33000,32355,32355,32350,32350,32350,32350,26050,26050,26000,,
Ghana,,,,,,,,,,,,,,,,,,,,,,,,,,15100,,,,16000,9000,9000,7000,7000,7000,12800,14500,8000,8000,8000,8000,7000,7000,7000,7000,7000,,14000,14000,15500,15500,15500,15500,15500,15500,15500,15500,16000,,
Gibraltar,,,,,,,,,,,,,,,,,,,,,,,,,,,,,,,,,,,,,,,,,,,,,,,,,,,,,,,,,,,,
Guinea,,,,,,,,,,,,,,,,,,,,,,,,,,9900,,,,15000,15000,15000,15000,15000,12000,19300,19300,19300,19300,19300,19300,17300,19300,12300,11000,13000,,19000,19000,19300,19300,12300,12300,12300,12300,12300,12300,13000,,
"Gambia, The",,,,,,,,,,,,,,,,,,,,,,,,,,480,,,,2000,2000,2000,1000,1000,1000,800,800,800,800,800,800,800,800,800,800,800,,1000,1000,800,800,800,800,800,800,800,800,1000,,
Guinea-Bissau,,,,,,,,,,,,,,,,,,,,,,,,,,8550,,,,10000,12000,12000,11000,11000,7000,9200,9300,9250,9250,9300,9300,11300,11300,14200,9000,9000,9000,9000,6000,6458,6458,6450,6450,6450,6450,4450,4450,4000,,
Equatorial Guinea,,,,,,,,,,,,,,,,,,,,,,,,,,2200,,,,1000,1000,1000,1000,1000,1000,1600,1600,1620,1600,1600,1600,1600,2300,1300,1000,1000,,1000,1000,1320,1320,1320,1320,1320,1320,1320,1450,1000,,
Greece,,,,,,,,,,,,,,,,,,,,,,,,,,201500,,,,201000,201000,205000,208000,213000,206000,201800,198800,166300,172500,169600,163200,163200,181600,181600,167000,168000,161000,161000,161000,142936,149647,148350,147350,148950,146950,146950,145350,146000,,
Grenada,,,,,,,,,,,,,,,,,,,,,,,,,,,,,,,,,,,,,,,,,,,,,,,,,,,,,,,,,,,,
Greenland,,,,,,,,,,,,,,,,,,,,,,,,,,,,,,,,,,,,,,,,,,,,,,,,,,,,,,,,,,,,
Guatemala,,,,,,,,,,,,,,,,,,,,,,,,,,31700,,,,43000,43000,43000,44000,44000,34000,56500,56500,50500,41200,40900,52900,50400,50400,50400,48000,48000,35000,35000,35000,34212,34212,42300,42300,42300,43050,43050,43050,43000,,
Guam,,,,,,,,,,,,,,,,,,,,,,,,,,,,,,,,,,,,,,,,,,,,,,,,,,,,,,,,,,,,
Guyana,,,,,,,,,,,,,,,,,,,,,,,,,,6600,,,,4000,4000,4000,2000,2000,2000,3100,3100,3100,3100,3100,3100,3100,3100,3100,2000,3000,3000,3000,3000,2600,2600,1100,1100,1100,3400,3400,3400,3000,,
High income,,,,,,,,,,,,,,,,,,,,,,,,,,7255500,,,,7693000,7602000,7514000,7228000,7168000,7017000,7274800,7116240,7029000,7024430,6897130,6557000,6437400,6412300,6282500,6091322,6365872,6031632,6053982,6036442,5895351,5923826,5787466,5786270,5710840,5549590,5508420,5532130,5392000,,
"Hong Kong SAR, China",,,,,,,,,,,,,,,,,,,,,,,,,,,,,,,,,,,,,,,,,,,,,,,,,,,,,,,,,,,,
Honduras,,,,,,,,,,,,,,,,,,,,,,,,,,16600,,,,19000,18000,17000,17000,17000,17000,24300,24300,24300,14300,14300,14300,14300,14300,18000,20000,20000,20000,20000,20000,20000,20000,20000,20000,20000,18700,18700,22700,23000,,
Heavily indebted poor countries (HIPC),,,,,,,,,,,,,,,,,,,,,,,,,,793330,,,,1008000,1020000,853000,821000,859000,799000,1569850,1599650,1599300,1575950,1754750,1816000,1251200,1376550,1317400,1183800,1213800,,1237000,1283000,1453713,1486138,1628750,1644050,1631670,1634820,1638270,1526100,1506000,,
Croatia,,,,,,,,,,,,,,,,,,,,,,,,,,,,,,,,,103000,80000,70000,150000,104700,98000,96180,101000,101000,68300,61000,30800,30000,31000,21000,21000,22000,21600,21600,21600,19550,19550,19550,18550,18550,18000,,
Haiti,,,,,,,,,,,,,,,,,,,,,,,,,,6900,,,,9000,8000,8000,8000,8000,,7000,7000,5500,5300,5300,5300,8300,5300,5300,,,5400,,,,0,50,50,120,120,120,200,0,,
Hungary,,,,,,,,,,,,,,,,,,,,,,,,,,106000,,,,109000,94000,87000,78000,65000,60000,73000,78100,74100,70800,65000,57800,47800,47400,47400,46000,44000,44000,37000,37000,41626,34587,38500,38500,38500,38500,38500,39800,40000,,
IBRD only,,,,,,,,,,,,,,,,,,,,,,,,,,12112100,,,,13076000,12448000,11431000,13734000,13030000,12844000,17839900,17895420,17566590,17634080,17210430,17256100,16783500,16625200,16592000,15794510,16879310,16625070,15867420,16079250,16347934,16331909,16382633,16557144,15777903,16067760,16196530,16286360,16407000,,
IDA & IBRD total,,,,,,,,,,,,,,,,,,,,,,,,,,14421530,,,,15756000,15265000,14149000,16433000,15768000,15403000,22169100,22337620,22045220,22109780,21885580,21968500,20889300,20954150,20905100,19955560,21096110,19858220,20081420,20340250,20807338,20988738,21008063,21198474,20382153,20649760,20827630,20837140,20860000,,
IDA total,,,,,,,,,,,,,,,,,,,,,,,,,,2309430,,,,2680000,2817000,2718000,2699000,2738000,2559000,4329200,4442200,4478630,4475700,4675150,4712400,4105800,4328950,4313100,4161050,4216800,,4214000,4261000,4459404,4656829,4625430,4641330,4604250,4582000,4631100,4550780,4453000,,
IDA blend,,,,,,,,,,,,,,,,,,,,,,,,,,694100,,,,777000,783000,798000,830000,828000,805000,1169350,1158450,1192480,1208500,1218450,1250000,1310900,1307600,1299500,1302000,1322000,1255000,1319000,1319000,1319085,1344185,1325080,1325780,1326080,1304080,1352080,1353780,1371000,,
Indonesia,,,,,,,,,,,,,,,,,,,,,,,,,,278100,,,,285000,283000,278000,283000,271000,280000,460500,485200,484000,499000,499000,492000,492000,492000,497000,582000,582000,582000,582000,582000,582000,582000,676500,676500,676500,676500,675500,675500,676000,,
IDA only,,,,,,,,,,,,,,,,,,,,,,,,,,1615330,,,,1903000,2034000,1920000,1869000,1910000,1754000,3159850,3283750,3286150,3267200,3456700,3462400,2794900,3021350,3013600,2859050,2894800,,2895000,2942000,3140319,3312644,3300350,3315550,3278170,3277920,3279020,3197000,3082000,,
Isle of Man,,,,,,,,,,,,,,,,,,,,,,,,,,,,,,,,,,,,,,,,,,,,,,,,,,,,,,,,,,,,
India,,,,,,,,,,,,,,,,,,,,,,,,,,1260000,,,,1260000,1260000,1270000,1270000,1270000,1270000,2149500,2223000,2233000,2265000,2263000,2372000,2352700,2387700,2414700,2617000,3047000,2589000,2576000,2582000,2625586,2625586,2647150,2728700,2749700,2749700,2798800,2981050,3031000,,
Not classified,,,,,,,,,,,,,,,,,,,,,,,,,,,,,,,,,,,,,,,,,,,,,,,,,,,,,,,,,,,,
Ireland,,,,,,,,,,,,,,,,,,,,,,,,,,13700,,,,13000,13000,13000,13000,13000,17000,12900,12700,12700,11500,11500,11500,10500,10500,10400,10000,10000,10000,10000,10000,10460,10460,8900,9350,9350,9100,9100,9100,9000,,
"Iran, Islamic Rep.",,,,,,,,,,,,,,,,,,,,,,,,,,610000,,,,604000,440000,465000,528000,528000,528000,763000,863000,868000,820000,785600,753000,553000,560000,580000,460000,585000,585000,563000,563000,563000,563000,563000,563000,563000,563000,563000,563000,563000,,
Iraq,,,,,,,,,,,,,,,,,,,,,,,,,,1000000,,,,1000000,1390000,475000,407000,407000,425000,407300,432500,442900,479000,479000,479000,467000,432000,432000,179000,227000,495000,362000,577000,659395,802400,802400,802400,177600,209000,209000,209000,209000,,
Iceland,,,,,,,,,,,,,,,,,,,,,,,,,,,,,,,,,,,,100,100,120,120,100,100,100,100,100,,,130,130,130,130,130,180,180,200,200,250,250,0,,
Israel,,,,,,,,,,,,,,,,,,,,,,,,,,142000,,,,191000,190000,190000,181000,181000,185000,178100,181100,181050,181050,179550,180500,171500,169500,175000,176000,176000,185000,185000,185000,184550,184550,184550,184500,184500,184500,184500,184500,178000,,
Italy,,,,,,,,,,,,,,,,,,,,,,,,,,385100,,,,506000,493000,473000,471000,450000,436000,585000,580900,580900,554100,521200,503100,482600,471100,454300,445000,445000,440000,436000,436000,326939,359378,367550,359500,359500,356850,356850,356850,347000,,
Jamaica,,,,,,,,,,,,,,,,,,,,,,,,,,2100,,,,3000,3000,3000,3000,3000,3000,3500,3500,3470,3470,3020,3000,3000,3000,3000,2000,3000,3000,3000,3000,2830,2830,2830,2830,2830,3450,3450,3950,4000,,
Jordan,,,,,,,,,,,,,,,,,,,,,,,,,,70300,,,,190000,100000,100000,100000,100000,100000,128600,128700,134050,134050,134000,148900,110200,110200,110500,110000,111000,111000,111000,111000,110500,110500,110500,115500,115500,115500,115500,115500,116000,,
Japan,,,,,,,,,,,,,,,,,,,,,,,,,,243000,,,,247000,250000,250000,242000,242000,233000,251500,247500,247600,254600,254600,248700,252100,252100,252100,251000,272000,252000,242000,242000,260382,260382,260086,259800,259800,259800,259800,260890,261000,,
Kazakhstan,,,,,,,,,,,,,,,,,,,,,,,,,,,,,,,,,,15000,18000,74500,74500,69600,89600,100300,98500,98500,94500,100300,99000,101000,81000,81000,81000,80500,80500,70500,70500,70500,70500,70500,70500,71000,,
Kenya,,,,,,,,,,,,,,,,,,,,,,,,,,13700,,,,20000,20000,20000,24000,24000,22000,29200,29200,29200,29200,29200,27200,29400,29400,29100,29000,29000,,29000,29000,29120,29120,29100,29100,29100,29100,29100,29100,29000,,
Kyrgyz Republic,,,,,,,,,,,,,,,,,,,,,,,,,,,,,,,,,12000,12000,13000,7000,12000,14200,14200,12200,14000,14000,15900,15900,17000,18000,21000,21000,21000,20400,20400,20400,20400,20400,20400,20400,20400,21000,,
Cambodia,,,,,,,,,,,,,,,,,,,,,,,,,,35000,,,,99000,112000,112000,135000,102000,70000,308500,307700,360500,359000,359000,360000,207000,192000,192000,192000,191000,191000,191000,191000,191300,191300,191300,191300,191300,191300,191300,191300,191000,,
Kiribati,,,,,,,,,,,,,,,,,,,,,,,,,,,,,,,,,,,,,,,,,,,,,,,,,,,,,,,,,,,,
St. Kitts and Nevis,,,,,,,,,,,,,,,,,,,,,,,,,,,,,,,,,,,,,,,,,,,,,,,,,,,,,,,,,,,,
"Korea, Rep.",,,,,,,,,,,,,,,,,,,,,,,,,,598000,,,,647000,650000,750000,750000,750000,750000,641000,668000,676500,676500,676500,687500,687500,690500,690500,696000,693000,692000,692000,692000,659500,659500,659500,659500,659500,632500,634500,634000,634000,,
Kuwait,,,,,,,,,,,,,,,,,,,,,,,,,,12000,,,,20000,7000,10000,12000,12000,15000,21600,20800,20300,20300,20300,20300,20500,22100,22100,21000,23000,23000,23000,23000,22600,22600,22600,22600,22600,22600,22600,22600,25000,,
Latin America & Caribbean (excluding high income),,,,,,,,,,,,,,,,,,,,,,,,,,1208800,,,,1455000,1454000,1434000,1313000,1313000,1247000,1936400,1966100,1953830,1929080,1905550,1930600,1945900,1954700,1981500,1922270,1919270,2165800,2267400,2252400,2297863,2297863,2300707,2321724,2334903,2468910,2494510,2507090,2580000,,
Lao PDR,,,,,,,,,,,,,,,,,,,,,,,,,,53700,,,,56000,55000,53000,37000,37000,45000,137000,137000,129000,129100,129100,129100,129100,129100,129100,129000,129000,129000,129000,129000,129100,129100,129100,129100,129100,129100,129100,129100,129000,,
Lebanon,,,,,,,,,,,,,,,,,,,,,,,,,,17400,,,,18000,36000,36000,37000,37000,50000,62800,67400,73600,68100,80900,76600,84800,84800,85100,85000,85000,76000,76000,76000,79100,79100,80000,80000,80000,80000,80000,80000,80000,,
Liberia,,,,,,,,,,,,,,,,,,,,,,,,,,6800,,,,7000,8000,5000,2000,,,21000,22000,22000,14000,5300,15000,15000,15000,15000,,15000,2000,2000,2000,2040,2040,2050,2050,2050,2050,2050,2050,2000,,
Libya,,,,,,,,,,,,,,,,,,,,,,,,,,73000,,,,86000,86000,86000,85000,85000,80000,80500,65500,65500,65500,65500,76500,76500,76500,76500,76000,76000,76000,76000,76000,76000,,,7000,7000,0,,,,,
St. Lucia,,,,,,,,,,,,,,,,,,,,,,,,,,,,,,,,,,,,,,,,,,,,,,,,,,,,,,,,,,,,
Latin America & Caribbean,,,,,,,,,,,,,,,,,,,,,,,,,,1357400,,,,1593000,1587000,1563000,1443000,1443000,1387000,2114500,2136220,2127990,2102720,2077880,2095000,2111400,2113000,2136700,2066830,2076830,2285440,2413940,2399300,2444776,2444776,2447597,2470964,2484593,2621950,2657600,2682630,2756000,,
Least developed countries: UN classification,,,,,,,,,,,,,,,,,,,,,,,,,,1161130,,,,1491000,1667000,1597000,1518000,1559000,1483000,2658650,2751750,2891850,2881400,3076400,3087500,2449800,2642850,2651400,2473050,2502800,,2504000,2553000,2750301,2941176,3155380,3170580,3133200,3004450,3008550,2892530,2843000,,
Low income,,,,,,,,,,,,,,,,,,,,,,,,,,1886730,,,,2246000,2537000,2375000,2288000,2226000,2097000,3127150,3162950,3182000,3148000,3324800,3391600,2833100,2975250,2934200,2833800,2859800,,2848000,2896000,3177926,3368801,3220550,3235750,3198370,3172120,3173220,3317050,3200000,,
Liechtenstein,,,,,,,,,,,,,,,,,,,,,,,,,,,,,,,,,,,,,,,,,,,,,,,,,,,,,,,,,,,,
Sri Lanka,,,,,,,,,,,,,,,,,,,,,,,,,,21600,,,,22000,22000,110000,110000,110000,110000,235500,225200,227200,225200,218300,203600,209600,246500,240900,239000,200000,213000,213000,213000,223100,223100,223100,223100,223100,223100,265200,305200,317000,,
Lower middle income,,,,,,,,,,,,,,,,,,,,,,,,,,4679200,,,,5244000,5040000,5139000,5417000,5356000,5101000,7471150,7568450,7619130,7662300,7651250,7692000,7781000,7860300,7931400,7529250,8546000,7876000,8118000,8123000,8185089,8188639,8422880,8505130,8377080,8458480,8606580,8690680,8754000,,
Low & middle income,,,,,,,,,,,,,,,,,,,,,,,,,,14953730,,,,16605000,16316000,15212000,17305000,16573000,16178000,22907400,23080400,22834220,22902230,22687010,22796100,21774300,21894650,21878900,20989820,22173570,20998050,21199900,21456900,22028745,22210145,22232613,22368104,21495783,21760040,21928860,22010220,22022000,,
Lesotho,,,,,,,,,,,,,,,,,,,,,,,,,,2000,,,,2000,2000,2000,2000,2000,2000,2000,2000,2000,2000,2000,2000,2000,2000,2000,2000,2000,2000,2000,2000,2000,2000,2000,2000,2000,2000,2000,2000,2000,,
Late-demographic dividend,,,,,,,,,,,,,,,,,,,,,,,,,,7537800,,,,8362000,7793000,7619000,9382000,8801000,8535000,11511800,11152720,10812980,10860110,10592070,10592700,10435600,10281000,10247400,9814930,10288480,10121240,9431590,9421730,9598337,9562730,9531808,9609744,9527790,9576830,9699100,9681800,9684000,,
Lithuania,,,,,,,,,,,,,,,,,,,,,,,,,,,,,,,,,10000,10000,10000,8900,9900,10050,15030,16030,16600,17200,27300,27300,28000,29000,24000,24000,24000,25240,25240,23350,23350,21950,27400,28330,29650,34000,,
Luxembourg,,,,,,,,,,,,,,,,,,,,,,,,,,700,,,,1000,1000,1000,1000,1000,1000,1400,1400,1360,1360,1400,1400,1500,1500,1500,1512,1512,1512,1512,1612,1512,1512,1510,1510,1510,1510,1500,1500,2000,,
Latvia,,,,,,,,,,,,,,,,,,,,,,,,,,,,,,,,,5000,5000,6000,11300,12300,8100,8680,9450,8500,10000,8700,8100,5000,5000,17000,17000,5000,5745,4600,5350,5310,5310,5310,5310,5310,6000,,
"Macao SAR, China",,,,,,,,,,,,,,,,,,,,,,,,,,,,,,,,,,,,,,,,,,,,,,,,,,,,,,,,,,,,
St. Martin (French part),,,,,,,,,,,,,,,,,,,,,,,,,,,,,,,,,,,,,,,,,,,,,,,,,,,,,,,,,,,,
Morocco,,,,,,,,,,,,,,,,,,,,,,,,,,149000,,,,195000,195000,195000,195000,195000,195000,237500,236000,238300,238300,238300,240500,246500,246300,246300,250000,251000,246000,246000,246000,245800,245800,245800,245800,245800,245800,245800,245800,246000,,
Monaco,,,,,,,,,,,,,,,,,,,,,,,,,,,,,,,,,,,,,,,,,,,,,,,,,,,,,,,,,,,,
Moldova,,,,,,,,,,,,,,,,,,,,,,,,,,,,,,,,,9000,13000,11000,15300,15300,14430,14450,14050,12900,11600,10600,10300,9000,10000,8000,9000,8000,7733,7733,7750,7750,7750,7750,7550,7550,7000,,
Madagascar,,,,,,,,,,,,,,,,,,,,,,,,,,21100,,,,21000,21000,21000,21000,21000,21000,28500,28500,28500,28500,28500,28500,21600,21600,21600,21000,22000,,22000,22000,21600,21600,21600,21600,21600,21600,21600,21600,22000,,
Maldives,,,,,,,,,,,,,,,,,,,,,,,,,,,,,,,,,,,,,,,5000,5000,5000,,,,,,,,,,,,,,,,,,,
Middle East & North Africa,,,,,,,,,,,,,,,,,,,,,,,,,,3337700,,,,3554000,3843000,2997000,2889000,2889000,2845000,3653300,3869500,3933800,3904350,3912500,3946200,3782400,3753100,3786700,3426000,3670000,4011000,3866000,4082000,4178676,4198687,3974580,3986540,3320240,3329240,3326240,3366090,3315000,,
Mexico,,,,,,,,,,,,,,,,,,,,,,,,,,129100,,,,154000,175000,175000,175000,175000,175000,189000,190000,190000,190000,193770,207800,203800,203800,203800,203000,204000,280000,286000,305000,331750,331750,329750,329750,325450,336050,336050,336050,336000,,
Marshall Islands,,,,,,,,,,,,,,,,,,,,,,,,,,,,,,,,,,,,,,,,,,,,,,,,,,,,,,,,,,,,
Middle income,,,,,,,,,,,,,,,,,,,,,,,,,,13067000,,,,14359000,13779000,12837000,15017000,14347000,14081000,19780250,19917450,19652220,19754230,19362210,19404500,18941200,18919400,18944700,18156020,19313770,18887900,18351900,18560900,18850819,18841344,19012063,19132354,18297413,18587920,18755640,18693170,18822000,,
North Macedonia,,,,,,,,,,,,,,,,,,,,,,,,,,,,,,,,,10000,10000,10000,17900,17900,22900,27500,23500,23500,26000,19900,20400,17000,19000,19000,19000,19000,8000,8000,8000,8000,8000,8000,15600,15600,16000,,
Mali,,,,,,,,,,,,,,,,,,,,,,,,,,4900,,,,8000,13000,13000,12000,12000,12000,15200,15200,15150,15150,15200,15200,15200,15200,12200,11000,12000,12000,12000,12000,12150,12150,12150,7800,11800,13800,15800,17800,18000,,
Malta,,,,,,,,,,,,,,,,,,,,,,,,,,800,,,,2000,2000,2000,2000,2000,2000,1900,2000,1950,1900,1900,2100,2100,2100,2100,2000,2000,2000,2000,2000,2121,2127,2120,2130,2130,2130,2130,2130,2000,,
Myanmar,,,,,,,,,,,,,,,,,,,,,,,,,,186000,,,,200000,230000,286000,286000,322000,322000,371300,406300,429050,434850,429050,429100,444300,544300,595000,482250,483000,513000,513000,513000,513250,513250,513250,513250,513250,513250,513250,513250,513000,,
Middle East & North Africa (excluding high income),,,,,,,,,,,,,,,,,,,,,,,,,,3039400,,,,3175000,3381000,2490000,2417000,2417000,2366000,3124200,3341600,3406450,3377050,3386400,3378900,3223800,3223500,3242100,2885000,3123000,3432000,3289000,3505000,3591145,3611150,3387050,3399050,2718250,2727250,2724250,2754400,2707000,,
Montenegro,,,,,,,,,,,,,,,,,,,,,,,,,,,,,,,,,,,,,,,,,,,,,,,16000,15000,15000,13227,13084,12180,12180,12180,12180,12050,12050,12000,,
Mongolia,,,,,,,,,,,,,,,,,,,,,,,,,,33000,,,,33000,32000,31000,21000,18000,18000,31100,33500,14900,17000,16300,16300,16300,16300,15800,15000,16000,16000,16000,17000,17200,17200,17200,17200,17500,17500,17500,17500,18000,,
Northern Mariana Islands,,,,,,,,,,,,,,,,,,,,,,,,,,,,,,,,,,,,,,,,,,,,,,,,,,,,,,,,,,,,
Mozambique,,,,,,,,,,,,,,,,,,,,,,,,,,15800,,,,65000,65000,65000,50000,50000,11000,12000,11000,6100,6100,6100,6100,11000,11000,8200,11000,11000,11000,11000,11000,11200,11200,11200,11200,11200,11200,11200,11200,11000,,
Mauritania,,,,,,,,,,,,,,,,,,,,,,,,,,8500,,,,16000,17000,17000,16000,16000,11000,20700,20700,20650,20650,20650,20700,20600,20700,20700,20000,21000,21000,21000,21000,20870,20870,20850,20850,20850,20850,20850,20850,21000,,
Mauritius,,,,,,,,,,,,,,,,,,,,,,,,,,1000,,,,1000,1000,1000,1000,1000,1000,1800,1800,1800,1800,1800,1800,1600,2000,2000,,2000,,2000,2000,2000,2000,2500,2500,2500,2500,2550,2550,3000,,
Malawi,,,,,,,,,,,,,,,,,,,,,,,,,,5300,,,,7000,7000,8000,10000,10000,10000,9500,10800,6000,6000,6000,6000,6800,6800,6800,6000,7000,7000,7000,7000,5300,5300,6800,6800,6800,6800,6800,14900,15000,,
Malaysia,,,,,,,,,,,,,,,,,,,,,,,,,,110000,,,,115000,130000,128000,128000,115000,115000,140300,140300,131600,130100,125100,116100,120600,120100,124100,130000,135000,134000,134000,134000,133600,133600,133600,133600,133600,133600,133600,133600,136000,,
North America,,,,,,,,,,,,,,,,,,,,,,,,,,2234600,,,,2328000,2267000,2206000,2002000,1896000,1795000,1711300,1651900,1606000,1663950,1644950,1523300,1486800,1528600,1541600,1544000,1617000,1562000,1619000,1604000,1629718,1635117,1585800,1558200,1498850,1451450,1414800,1415900,1431000,,
Namibia,,,,,,,,,,,,,,,,,,,,,,,,,,,,,,,,8000,8000,8000,8000,8100,8200,5900,9100,9100,9100,15000,15000,15000,15000,15000,15000,15000,15000,15200,15200,15200,15200,15200,15200,15200,15900,16000,,
New Caledonia,,,,,,,,,,,,,,,,,,,,,,,,,,,,,,,,,,,,,,,,,,,,,,,,,,,,,,,,,,,,
Niger,,,,,,,,,,,,,,,,,,,,,,,,,,2200,,,,4000,5000,5000,5000,5000,5000,10700,10700,10700,10700,10700,10700,10700,10700,10700,10000,10000,10000,10000,10000,10700,10700,10700,10700,10700,10700,10700,10700,10000,,
Nigeria,,,,,,,,,,,,,,,,,,,,,,,,,,94000,,,,107000,94000,94000,76000,76000,80000,89100,89100,107000,107000,124000,106500,160500,160500,160500,160000,161000,162000,162000,162000,162000,162000,162000,162000,162000,162000,200000,200000,215000,,
Nicaragua,,,,,,,,,,,,,,,,,,,,,,,,,,62900,,,,65000,28000,20000,15000,15000,14000,12000,17000,17000,17000,16000,16000,16000,14000,14000,14000,14000,14000,14000,12000,12000,12000,12000,12000,12000,12000,12000,12000,12000,,
Netherlands,,,,,,,,,,,,,,,,,,,,,,,,,,105500,,,,106000,104000,104000,90000,86000,77000,78000,66700,60800,60780,60000,57100,55600,52900,59900,53000,60000,46000,41000,47000,43279,43279,43300,43300,43300,41900,41310,41310,41000,,
Norway,,,,,,,,,,,,,,,,,,,,,,,,,,37000,,,,43000,51000,41000,36000,32000,33000,30700,30700,34300,28870,31000,27000,26700,26600,26600,25000,47000,16000,19000,19000,26450,24450,24450,25800,25800,25800,24950,23950,23000,,
Nepal,,,,,,,,,,,,,,,,,,,,,,,,,,25000,,,,35000,35000,35000,35000,35000,35000,63000,71000,86000,90000,90000,90000,86000,91000,103000,131000,131000,131000,131000,131000,157753,157753,157750,157750,157750,157750,158600,158600,112000,,
Nauru,,,,,,,,,,,,,,,,,,,,,,,,,,,,,,,,,,,,,,,,,,,,,,,,,,,,,,,,,,,,
New Zealand,,,,,,,,,,,,,,,,,,,,,,,,,,12400,,,,12000,11000,11000,11000,11000,10000,10100,9870,9550,9550,9530,9200,9200,8700,8600,8000,9000,9000,9000,9000,9673,9673,8550,8550,8500,8500,8950,9000,9000,,
OECD members,,,,,,,,,,,,,,,,,,,,,,,,,,7296400,,,,7916000,7796000,7697000,7245000,7118000,7115000,7112200,7020120,6946590,6940290,6831070,6471500,6235400,6243700,6202500,5984112,6237112,5998242,6001242,6002342,5897028,5923497,5784826,5785700,5691020,5615370,5464350,5478060,5459000,,
Oman,,,,,,,,,,,,,,,,,,,,,,,,,,29200,,,,29000,32000,29000,35000,35000,35000,47900,47900,47900,47900,47900,47900,47800,46100,46100,45000,46000,47000,47000,47000,47000,47000,47000,47000,47000,47000,47000,47000,47000,,
Other small states,,,,,,,,,,,,,,,,,,,,,,,,,,,,,,,,86000,90000,82000,80000,126150,128550,124140,135230,136450,129500,126900,129400,131800,119450,127000,,137330,135330,133298,135461,135310,135290,135310,135310,132430,148960,144000,,
Pakistan,,,,,,,,,,,,,,,,,,,,,,,,,,482800,,,,520000,550000,565000,580000,580000,580000,846000,835000,834000,834000,834000,900000,908000,909000,909000,921000,921000,923000,921000,921000,921000,946000,946000,947800,947800,925800,935800,935800,936000,,
Panama,,,,,,,,,,,,,,,,,,,,,,,,,,12000,,,,14000,11000,12000,11000,11000,11000,11800,11800,11800,11800,11800,11800,11800,11800,11800,,12000,12000,12000,12000,12000,12000,12000,12000,12000,12000,22050,22050,26000,,
Peru,,,,,,,,,,,,,,,,,,,,,,,,,,128000,,,,110000,125000,123000,112000,112000,112000,177600,193600,203000,203000,193000,193000,177000,187000,177000,157000,157000,198000,198000,191000,192000,192000,192000,192000,192000,158000,158000,158000,158000,,
Philippines,,,,,,,,,,,,,,,,,,,,,,,,,,114800,,,,112000,109000,107000,107000,107000,104000,149000,150000,153000,160300,152500,148500,151000,150000,150000,146000,147000,147000,147000,147000,165500,165500,165500,165500,165500,165500,165500,165500,153000,,
Palau,,,,,,,,,,,,,,,,,,,,,,,,,,,,,,,,,,,,,,,,,,,,,,,,,,,,,,,,,,,,
Papua New Guinea,,,,,,,,,,,,,,,,,,,,,,,,,,3200,,,,3000,4000,4000,4000,,4000,3800,3700,4300,4300,4300,4400,4400,3100,3100,3000,3000,3000,3000,3000,3100,3100,3100,1900,1900,1900,1900,3600,4000,,
Poland,,,,,,,,,,,,,,,,,,,,,,,,,,319000,,,,350000,313000,305000,270000,260000,255000,302000,272900,265150,264050,264050,238800,228000,184400,184400,162000,162000,148000,142000,143000,121400,121400,118050,172700,172700,172700,172700,178400,191000,,
Pre-demographic dividend,,,,,,,,,,,,,,,,,,,,,,,,,,1594830,,,,1843000,2286000,1351000,1225000,1263000,1228000,1927750,1967450,1994020,2028450,2019250,2003000,1606400,1665950,1730900,1325800,1399800,,1602000,1865000,2117580,2433010,2647050,2662350,2000100,2045650,2087100,1970980,1966000,,
Puerto Rico,,,,,,,,,,,,,,,,,,,,,,,,,,,,,,,,,,,,,,,,,,,,,,,,,,,,,,,,,,,,
"Korea, Dem. Peopleâ€™s Rep.",,,,,,,,,,,,,,,,,,,,,,,,,,838000,,,,1040000,1200000,1200000,1200000,1100000,1100000,1243000,1169000,1244000,1244000,1244000,1244000,1271000,1271000,1271000,1295000,1295000,1295000,1295000,1295000,1379000,1379000,1379000,1379000,1379000,1379000,1379000,1469000,1469000,,
Portugal,,,,,,,,,,,,,,,,,,,,,,,,,,73000,,,,104000,87000,86000,80000,68000,122000,104000,104000,100200,94500,90600,90500,90000,90000,92600,91000,93000,91000,91000,91000,91040,90334,90300,90300,79850,78100,73600,74500,52000,,
Paraguay,,,,,,,,,,,,,,,,,,,,,,,,,,14400,,,,16000,16000,16000,16000,16000,16000,28300,35000,35000,35000,35000,35000,33400,33400,33400,24000,25000,26000,26000,26000,25450,25450,25450,25450,25450,25450,25450,25450,27000,,
West Bank and Gaza,,,,,,,,,,,,,,,,,,,,,,,,,,,,,,,,,,,,,,,,,,,,,,56000,56000,56000,56000,56000,56000,56000,56000,,,,,,,
Pacific island small states,,,,,,,,,,,,,,,,,,,,,,,,,,,,,,,,,,,,,,,,,,,,,,,,,,,,,,,,,,,,
Post-demographic dividend,,,,,,,,,,,,,,,,,,,,,,,,,,6328500,,,,6838000,6725000,6582000,6829000,6528000,6346000,6737300,6687620,6413720,6404740,6262740,5889500,5825400,5865600,5776400,5504892,5748892,5367892,5370892,5364212,5225599,5253651,5078206,5019630,4835880,4829030,4829110,4842020,4755000,,
French Polynesia,,,,,,,,,,,,,,,,,,,,,,,,,,,,,,,,,,,,,,,,,,,,,,,,,,,,,,,,,,,,
Qatar,,,,,,,,,,,,,,,,,,,,,,,,,,6000,,,,7000,11000,11000,8000,8000,10000,11100,11800,11800,11800,11800,12300,12300,12400,12400,12000,12000,12000,12000,12000,11800,11800,11800,11800,11800,11800,11800,21500,22000,,
Romania,,,,,,,,,,,,,,,,,,,,,,,,,,189500,,,,207000,126000,201000,172000,200000,200000,296500,307500,306050,295550,282900,282900,178900,179100,177100,176000,177000,154000,153000,153000,151645,153800,151300,151300,151300,151300,150400,149200,126000,,
Russian Federation,,,,,,,,,,,,,,,,,,,,,,,,,,,,,,,,,1900000,1500000,1400000,1800000,1622000,1823000,1702000,1482100,1427100,1386200,1397200,1369700,1452000,1452000,1446000,1476000,1476000,1495000,1430000,1364000,1364000,1260000,1287000,1490000,1454000,1454000,,
Rwanda,,,,,,,,,,,,,,,,,,,,,,,,,,5200,,,,6000,6000,30000,30000,30000,30000,47000,40000,62000,54000,54000,76000,79000,80000,61000,53000,53000,,35000,35000,35000,35000,35000,35000,35000,35000,35000,35000,35000,,
South Asia,,,,,,,,,,,,,,,,,,,,,,,,,,1930700,,,,1995000,2028000,2132000,2152000,2152000,2158000,3851500,3955400,3985900,3996900,4009500,4113600,3756500,3954400,3986300,4186000,4578000,4121000,4113000,4162000,4404137,4480192,4535300,4616450,4629950,4586100,4698750,4924600,4940000,,
Saudi Arabia,,,,,,,,,,,,,,,,,,,,,,,,,,62500,,,,82000,146000,191000,172000,172000,164000,177500,178500,178000,178000,178000,217000,217200,215000,215000,214000,216000,240000,238000,238000,249000,249000,249000,249000,251500,251500,251500,251500,252000,,
Sudan,,,,,,,,,,,,,,,,,,,,,,,,,,56600,,,,65000,65000,65000,82000,82000,82000,133500,104000,94700,109700,109700,119500,124000,124000,114500,121000,123000,,127000,127000,126800,126800,264300,264300,264300,264300,264300,124300,124000,,
Senegal,,,,,,,,,,,,,,,,,,,,,,,,,,10100,,,,15000,18000,18000,18000,18000,14000,17400,17400,17350,17000,17000,15400,15600,15200,18600,18000,19000,19000,19000,19000,18620,18620,18600,18600,18600,18600,18600,18600,19000,,
Singapore,,,,,,,,,,,,,,,,,,,,,,,,,,55000,,,,56000,56000,56000,56000,56000,56000,65500,65500,178000,180500,181000,168500,154500,156800,168800,165000,167000,167000,167000,167000,147500,147500,147600,147600,147600,147600,147600,147600,81000,,
Solomon Islands,,,,,,,,,,,,,,,,,,,,,,,,,,,,,,,,,,,,,,,,,,,,,,,,,,,,,,,,,,,,
Sierra Leone,,,,,,,,,,,,,,,,,,,,,,,,,,3100,,,,4000,5000,5000,8000,5000,5000,7000,15000,15800,5800,3800,3800,6000,13000,13000,13000,13000,11000,11000,11000,10500,10500,10500,10500,10500,8500,8500,8500,9000,,
El Salvador,,,,,,,,,,,,,,,,,,,,,,,,,,41700,,,,45000,55000,60000,49000,49000,30000,38500,40400,40400,36600,36600,28800,28800,28800,27500,15000,16000,28000,33000,33000,32500,32500,32300,32300,32300,41500,41500,41500,42000,,
San Marino,,,,,,,,,,,,,,,,,,,,,,,,,,,,,,,,,,,,,,,,,,,,,,,,,,,,,,,,,,,,
Somalia,,,,,,,,,,,,,,,,,,,,,,,,,,62700,,,,47000,47000,,,,,225000,225000,225000,225000,50000,50000,,,,,,,,,2000,2000,3200,20000,11000,17000,19800,19800,20000,,
Serbia,,,,,,,,,,,,,,,,,,,,,,,,,,,,,,225000,180000,169000,137000,100000,130000,164500,151900,152200,152200,146700,135700,198500,124500,109200,110000,110000,24000,24000,24000,29125,29125,28150,28150,28150,28150,28150,31850,32000,,
Sub-Saharan Africa (excluding high income),,,,,,,,,,,,,,,,,,,,,,,,,,949630,,,,1238000,1256000,1148000,1083000,1121000,1062000,1697000,1658300,1623210,1641000,1704300,1724700,1642300,1608750,1543300,1499800,1533800,,1526000,1531000,1555161,1676531,1857952,1859970,1845070,1886170,1915470,1795700,1790000,,
South Sudan,,,,,,,,,,,,,,,,,,,,,,,,,,,,,,,,,,,,,,,,,,,,,,,,,,,140000,210000,210000,185000,185000,185000,185000,185000,,
Sub-Saharan Africa,,,,,,,,,,,,,,,,,,,,,,,,,,950830,,,,1238000,1256000,1148000,1083000,1121000,1062000,1698300,1659600,1623660,1641450,1704800,1725200,1642800,1609550,1544100,1500450,1534250,,1526450,1531450,1555811,1677181,1858822,1860810,1845910,1887010,1916310,1796540,1790000,,
Small states,,,,,,,,,,,,,,,,,,,,,,,,,,76930,,,,94000,96000,105000,105000,97000,94000,149350,152550,147970,159470,160430,153700,146300,146500,148700,132090,144640,,155970,154330,150821,152984,151320,151300,151870,154790,152360,169390,165000,,
Sao Tome and Principe,,,,,,,,,,,,,,,,,,,,,,,,,,,,,,1000,1000,1000,1000,1000,1000,1000,1000,1000,1000,1000,,,,,,,,,,,,,,,,,,,,
Suriname,,,,,,,,,,,,,,,,,,,,,,,,,,2000,,,,4000,4000,4000,2000,2000,2000,1800,1800,1800,1800,1800,2000,2000,2000,1800,1000,2000,2000,2000,2000,1840,1840,1840,1840,1940,1940,1940,1940,2000,,
Slovak Republic,,,,,,,,,,,,,,,,,,,,,,,,,,,,,,,,,,33000,47000,51000,46600,45150,48050,47480,41200,37700,30900,22000,20000,20000,17000,17000,17000,16531,15799,15850,15850,15850,15850,15850,15850,16000,,
Slovenia,,,,,,,,,,,,,,,,,,,,,,,,,,,,,,,,,15000,12000,17000,12900,14050,14050,14050,14050,13500,12100,13500,11000,10000,12000,11000,12000,12000,12100,12100,12100,13550,13550,13550,13200,13200,7000,,
Sweden,,,,,,,,,,,,,,,,,,,,,,,,,,65700,,,,62000,65000,63000,70000,70000,70000,99600,98200,88950,88700,88700,88300,69500,69500,63200,27600,28600,24600,17600,17600,21870,21163,21300,16100,16100,30550,30550,30550,30000,,
Eswatini,,,,,,,,,,,,,,,,,,,,,,,,,,,,,,4000,3000,3000,3000,3000,3000,3000,3000,3000,3000,3000,,,,,,,,,,,,,,,,,,,,
Sint Maarten (Dutch part),,,,,,,,,,,,,,,,,,,,,,,,,,,,,,,,,,,,,,,,,,,,,,,,,,,,,,,,,,,,
Seychelles,,,,,,,,,,,,,,,,,,,,,,,,,,1200,,,,,,,,,,1300,1300,450,450,500,500,500,800,800,650,450,,450,450,650,650,870,840,840,840,840,840,0,,
Syrian Arab Republic,,,,,,,,,,,,,,,,,,,,,,,,,,402500,,,,400000,408000,408000,408000,408000,320000,531000,529000,428000,428000,424000,424800,429000,427000,427000,415000,416000,401000,401000,401000,403000,403000,178000,178000,178000,280500,277500,307500,239000,,
Turks and Caicos Islands,,,,,,,,,,,,,,,,,,,,,,,,,,,,,,,,,,,,,,,,,,,,,,,,,,,,,,,,,,,,
Chad,,,,,,,,,,,,,,,,,,,,,,,,,,12200,,,,33000,50000,50000,38000,30000,40000,34850,34850,34850,34850,34850,34600,34900,34900,34800,34000,35000,,35000,35000,35030,34850,34850,34850,34850,39850,39850,39850,35000,,
East Asia & Pacific (IDA & IBRD countries),,,,,,,,,,,,,,,,,,,,,,,,,,5978800,,,,6340000,5793000,5527000,5306000,5159000,4882000,6777900,6817800,6243950,6458150,6438850,6549600,6312200,6363400,6410800,5857250,6361000,6240000,5520000,5522000,5599442,5626442,5775930,5801730,5802030,5802030,5652030,5505730,5498000,,
Europe & Central Asia (IDA & IBRD countries),,,,,,,,,,,,,,,,,,,,,,,,,,,,,,,,,4207000,3651000,3688000,4729400,4549800,4740030,4616280,4363460,4194500,3918900,3764300,3659100,3536500,3556500,3331500,3352500,3354500,3344997,3281967,3136324,3182430,2978830,3102830,3256100,3250650,3247000,,
Togo,,,,,,,,,,,,,,,,,,,,,,,,,,3600,,,,6000,8000,8000,8000,8000,8000,7800,7800,7750,7750,7750,7800,10300,10300,9300,8750,9750,9750,9750,9750,9300,9300,9300,9300,9300,9300,9300,9300,10000,,
Thailand,,,,,,,,,,,,,,,,,,,,,,,,,,235300,,,,283000,283000,283000,283000,295000,290000,420500,393500,337000,377000,377000,416600,410000,419000,427200,419000,421000,420000,420000,421000,419560,419560,474550,453550,453550,453550,454550,454550,455000,,
Tajikistan,,,,,,,,,,,,,,,,,,,,,,,,,,,,,,,,,3000,3000,3000,18000,23500,10200,10200,10200,7200,7200,7200,7200,12000,13000,17000,17000,17000,16300,16300,16300,16300,16300,16300,16300,16300,17000,,
Turkmenistan,,,,,,,,,,,,,,,,,,,,,,,,,,,,,,,,,28000,28000,15000,11000,18000,18000,19000,19000,14500,17500,17500,29000,26000,26000,22000,22000,22000,22000,22000,22000,22000,22000,36500,36500,41500,42000,,
Latin America & the Caribbean (IDA & IBRD countries),,,,,,,,,,,,,,,,,,,,,,,,,,1194400,,,,1296000,1290000,1266000,1268000,1268000,1247000,1987800,2013420,2045230,2019950,1982570,2006700,2035100,2039000,2062700,1990360,1999360,2207970,2336470,2321300,2367806,2367806,2370637,2394004,2407183,2544540,2580190,2605220,2678000,,
Timor-Leste,,,,,,,,,,,,,,,,,,,,,,,,,,,,,,,,,,,,,,,,,,,,,1000,,1000,1000,1000,1332,1332,1330,1330,1330,1330,1330,1330,2000,,
Middle East & North Africa (IDA & IBRD countries),,,,,,,,,,,,,,,,,,,,,,,,,,3039400,,,,3175000,3381000,2490000,2417000,2417000,2366000,3124200,3341600,3406450,3377050,3386400,3378900,3223800,3223500,3242100,2885000,3067000,3376000,3233000,3449000,3535145,3555150,3331050,3343050,2718250,2727250,2724250,2754400,2707000,,
Tonga,,,,,,,,,,,,,,,,,,,,,,,,,,,,,,,,,,,,,,,,,,,,,,,,,,,,,,,,,,,,
South Asia (IDA & IBRD),,,,,,,,,,,,,,,,,,,,,,,,,,1930700,,,,1995000,2028000,2132000,2152000,2152000,2158000,3851500,3955400,3985900,3996900,4009500,4113600,3756500,3954400,3986300,4186000,4578000,4121000,4113000,4162000,4404137,4480192,4535300,4616450,4629950,4586100,4698750,4924600,4940000,,
Sub-Saharan Africa (IDA & IBRD countries),,,,,,,,,,,,,,,,,,,,,,,,,,950830,,,,1238000,1256000,1148000,1083000,1121000,1062000,1698300,1659600,1623660,1641450,1704800,1725200,1642800,1609550,1544100,1500450,1534250,,1526450,1531450,1555811,1677181,1858822,1860810,1845910,1887010,1916310,1796540,1790000,,
Trinidad and Tobago,,,,,,,,,,,,,,,,,,,,,,,,,,2100,,,,2000,2000,2000,2000,2000,2000,6900,6900,6900,7400,7500,7500,2700,2700,2700,2000,3000,3000,4000,4000,4063,4063,4050,4050,4050,4050,4050,4050,4000,,
Tunisia,,,,,,,,,,,,,,,,,,,,,,,,,,35100,,,,40000,35000,35000,35000,35000,35000,58500,58000,47000,47000,47000,47000,47000,47000,47000,47000,47000,48000,48000,48000,47800,47800,47800,47800,47800,47800,47800,47800,48000,,
Turkey,,,,,,,,,,,,,,,,,,,,,,,,,,630000,,,,780000,769000,804000,704000,686000,811000,690000,707200,821200,821200,841200,827700,665100,664800,664800,616000,617000,612000,612000,613000,612800,612800,612800,612800,612800,612800,512000,512000,512000,,
Tuvalu,,,,,,,,,,,,,,,,,,,,,,,,,,,,,,,,,,,,,,,,,,,,,,,,,,,,,,,,,,,,
Tanzania,,,,,,,,,,,,,,,,,,,,,,,,,,40400,,,,40000,40000,40000,46000,46000,50000,36000,36000,36000,35400,35400,35400,28400,28400,28400,28000,28000,,28000,28000,28400,28400,28400,28400,28400,28400,28400,28400,28000,,
Uganda,,,,,,,,,,,,,,,,,,,,,,,,,,20000,,,,40000,60000,60000,70000,70000,60000,51500,51500,46500,41500,41500,50600,56800,56800,61800,55000,47000,,47000,47000,46800,46800,46800,46800,46800,46800,46400,46400,46000,,
Ukraine,,,,,,,,,,,,,,,,,,,,,,,,,,,,,,,,,430000,380000,350000,518500,466800,453400,449400,428000,420400,419800,414800,403000,271000,273000,215000,215000,215000,214825,214825,214850,214850,121500,204000,256000,292000,297000,,
Upper middle income,,,,,,,,,,,,,,,,,,,,,,,,,,8387800,,,,9115000,8739000,7698000,9600000,8991000,8980000,12309100,12349000,12033090,12091930,11710960,11712500,11160200,11059100,11013300,10626770,10767770,11011900,10233900,10437900,10665730,10652705,10589183,10627224,9920333,10129440,10149060,10002490,10068000,,
Uruguay,,,,,,,,,,,,,,,,,,,,,,,,,,31900,,,,27000,25000,25000,25000,25000,25000,26500,26520,26050,26520,26520,24600,24800,24800,24900,24920,24920,,25900,25900,25439,25439,25450,25450,25450,25450,25450,25450,22000,,
United States,,,,,,,,,,,,,,,,,,,,,,,,,,2151600,,,,2240000,2180000,2120000,1920000,1820000,1720000,1635600,1572100,1533300,1594000,1575000,1454800,1420700,1467000,1480000,1473000,1546000,1498000,1555000,1540000,1563996,1569417,1520100,1492200,1433150,1381250,1347300,1348400,1359000,,
Uzbekistan,,,,,,,,,,,,,,,,,,,,,,,,,,,,,,,,,40000,41000,20000,41700,46000,86000,100000,94000,79100,72000,72000,72000,75000,91000,87000,87000,87000,87000,87000,68000,68000,68000,68000,68000,68000,68000,,
St. Vincent and the Grenadines,,,,,,,,,,,,,,,,,,,,,,,,,,,,,,,,,,,,,,,,,,,,,,,,,,,,,,,,,,,,
"Venezuela, RB",,,,,,,,,,,,,,,,,,,,,,,,,,49000,,,,75000,75000,73000,75000,75000,75000,80000,79000,79000,79000,79000,79000,105300,105300,105300,82000,82000,,115000,115000,115000,115000,115000,115000,115000,265000,265000,273000,343000,,
British Virgin Islands,,,,,,,,,,,,,,,,,,,,,,,,,,,,,,,,,,,,,,,,,,,,,,,,,,,,,,,,,,,,
Virgin Islands (U.S.),,,,,,,,,,,,,,,,,,,,,,,,,,,,,,,,,,,,,,,,,,,,,,,,,,,,,,,,,,,,
Vietnam,,,,,,,,,,,,,,,,,,,,,,,,,,1027000,,,,1250000,1050000,1040000,857000,857000,700000,622000,622000,557000,524000,524000,524000,524000,524000,524000,,495000,495000,495000,495000,495000,522000,522000,522000,522000,522000,522000,522000,522000,,
Vanuatu,,,,,,,,,,,,,,,,,,,,,,,,,,,,,,,,,,,,,,,,,,,,,,,,,,,,,,,,,,,,
World,,,,,,,,,,,,,,,,,,,,,,,,,,22209230,,,,24298000,23918000,22726000,24533000,23741000,23195000,30182200,30196640,29863220,29926660,29584140,29353100,28211700,28306950,28161400,27081142,28539442,27029682,27253882,27493342,27924096,28133971,28020079,28154374,27206623,27309630,27437280,27542350,27414000,,
Samoa,,,,,,,,,,,,,,,,,,,,,,,,,,,,,,,,,,,,,,,,,,,,,,,,,,,,,,,,,,,,
Kosovo,,,,,,,,,,,,,,,,,,,,,,,,,,,,,,,,,,,,,,,,,,,,,,,,,,,,,,,,,,,,
"Yemen, Rep.",,,,,,,,,,,,,,,,,,,,,,,,,,64100,,,,62000,127000,127000,64000,64000,69000,69500,112000,146300,136300,136300,136300,124000,136500,136700,136000,138000,138000,138000,138000,137900,137900,137900,137900,137900,20000,20000,20000,40000,,
South Africa,,,,,,,,,,,,,,,,,,,,,,,,,,106400,,,,100000,85000,80000,75000,75000,75000,276900,277900,217440,211700,78150,71600,67000,60000,55700,55000,56000,103000,62000,62000,77153,77153,77582,62100,77150,82250,82150,81400,80000,,
Zambia,,,,,,,,,,,,,,,,,,,,,,,,,,16200,,,,17000,16000,16000,16000,16000,16000,23000,23000,23000,23000,23000,23000,23000,23000,19500,16000,16000,16000,16000,16000,16500,16500,16500,16500,16500,16500,16500,16500,16000,,
Zimbabwe,,,,,,,,,,,,,,,,,,,,,,,,,,41000,,,,51000,45000,45000,48000,48000,43000,67800,64800,60800,60800,60800,61800,60800,57800,50800,50000,51000,51000,51000,51000,50800,50800,50800,50800,50800,50800,50800,50800,51000,,
